side,entry,exit,pnl,pnl_pct,bars,reason
long,88393.8,88201.83642857143,-0.21716859262591798,-0.21716859262591592,3,sl
long,88438.97,88502.335,0.07163271927763688,0.07164827903356485,1,sl
long,89317.47,89274.9,-0.047654512088036685,-0.04766144853857179,2,forced
long,89748.93,89605.87285714287,-0.1593662516005032,-0.15939704557718093,5,sl
long,78622.0,78784.31,0.20637070607748498,0.2064434890997502,1,sl
long,78909.49,78844.19285714286,-0.08273732010374125,-0.08274941690429305,2,sl
long,69353.65,69514.11,0.2313119309151585,0.231364895719266,2,forced
long,70325.64,70034.40428571428,-0.4141255023837745,-0.41412451317289767,1,sl
long,70853.59,70423.865,-0.6062474271154488,-0.6064971443225264,3,sl
long,69272.01,69129.99,-0.20480916589089107,-0.20501787085431822,1,forced
long,69726.97,69671.86,-0.07894020327409934,-0.07903684901265917,5,forced
long,69673.6,69720.05357142857,0.06658634153096284,0.06667313218859938,3,sl
long,69717.65,69546.18785714285,-0.24563415700075097,-0.2459379265611239,1,sl
long,69124.74,68939.8607142857,-0.2670614311177575,-0.2674574771844296,2,sl
long,67453.71,66965.40142857142,-0.7226512593242083,-0.7239165517042512,1,sl
long,68490.45,68519.20928571429,0.04188647624289185,0.041990212816944705,7,sl
long,66973.2,66904.85571428572,-0.10179938282665948,-0.10204721547466544,1,sl
long,69124.96,68989.80214285714,-0.19503208790401932,-0.19552685042113493,2,sl
long,69221.59,68822.6,-0.5748243821700953,-0.5763953125029198,1,sl
long,68325.83,68188.52,-0.20030029758675882,-0.20096353019055657,1,forced
long,65665.04,65834.44,0.25707287240282417,0.2579759336170495,1,sl
long,66845.33,67294.34714285714,0.6695467878285652,0.67172552346908,4,sl
long,66626.57,67286.505,0.9879487480367068,0.9904982351635283,1,sl
long,66937.99,66650.24142857143,-0.4291915600104004,-0.4298733371416952,1,sl
long,66976.9,66682.91357142857,-0.438052509084304,-0.43893704929823807,2,sl
long,66282.0,66393.4,0.16765744715635167,0.16806976252978778,1,forced
long,68465.88,68435.0,-0.044999671701370605,-0.0451027577532126,6,forced
long,69880.0,70710.11785714286,1.185150543315913,1.1879190857797095,1,sl
long,73126.28,72892.20071428572,-0.3197361660007247,-0.32010282174107507,1,sl
long,72668.43,72664.65142857144,-0.005192124268037828,-0.005199742761141657,2,sl
long,71161.19,71330.3,0.2372941592412586,0.2376435807214694,2,forced
long,71228.0,70974.09571428571,-0.3560274121934531,-0.35646695922150196,2,sl
long,70278.4,70145.98071428572,-0.18812161232483313,-0.18842103080644046,1,sl
long,71934.0,71721.03,-0.29553689030397395,-0.2960630578029866,1,sl
long,72784.73,72996.11642857143,0.28982490846737585,0.29042689115070797,2,sl
long,71594.53,71595.94142857143,0.0019679046686125554,0.0019714195643505406,1,sl
long,71622.03,71546.93,-0.10466926171477975,-0.10485600589651423,1,forced
long,71846.68,71695.85214285714,-0.2095343194246805,-0.20993016955390686,2,sl
long,71761.24,72028.98928571428,0.37232955784683286,0.3731112864190811,1,sl
long,72391.41,72794.89642857143,0.5564075752641415,0.5573678266128868,1,sl
long,73878.04,73801.08857142857,-0.10403858916001128,-0.1041600840675061,1,sl
long,74874.93,75108.77142857143,0.3119126009099175,0.3123093785482478,2,sl
long,74324.03,74403.62,0.10698250477137378,0.10708515132991092,1,forced
long,74311.79,74194.85,-0.15722998679263736,-0.15736399298145187,1,forced
long,74705.09,74567.70857142856,-0.18371283458855597,-0.1838983509308889,2,sl
long,73867.88,73907.5,0.053572341197768776,0.05363630308599099,1,forced
long,74172.59,74248.25,0.10188915863865336,0.10200533647268806,2,forced
long,70875.94,70778.33928571429,-0.13756360409666243,-0.13770641248033177,1,sl
long,70726.0,70836.24571428572,0.15569411278888662,0.15587720822005657,2,sl
long,67242.74,67173.8,-0.10241961543506502,-0.10252407917941131,2,forced
long,67432.49,67539.34071428572,0.15827815114209517,0.15845583380609263,6,sl
long,67624.39,67717.07714285715,0.13692970764448525,0.13706170637124426,1,sl
long,67751.6,67476.06357142857,-0.40635025507983735,-0.4066862311317143,2,sl
long,68146.88,68044.0,-0.150781961465247,-0.15096802670937493,2,forced
long,68167.59,68186.90071428572,0.028289107019011453,0.028328292500456875,1,sl
long,68649.99,68649.65,-0.0004945948409553909,-0.0004952659133805604,1,sl
long,68555.87,68417.64357142858,-0.201352658774059,-0.20162595642272407,1,sl
long,67014.96,66997.62142857142,-0.025832408722393608,-0.02587268787235253,1,sl
long,66983.71,66953.59857142858,-0.04488221480893667,-0.044953360408717113,4,sl
long,67497.19,67447.43071428571,-0.07360054647067461,-0.0737205292757892,1,sl
long,67425.48,67413.78,-0.017322971529494174,-0.017352490482824834,1,forced
long,69633.59,70028.49785714287,0.5661480673791996,0.5671226446070987,1,sl
long,71712.49,71671.505,-0.05708597277946509,-0.057151829479074046,2,sl
long,71675.12,71682.36,0.010088917833221824,0.010101134117390664,1,sl
long,71534.68,71354.16714285714,-0.25204050198159894,-0.2523431392198128,1,sl
long,72174.77,72292.81,0.1633100912957543,0.16354745571063312,1,sl
long,72709.32,72810.58928571428,0.13910025144958202,0.13927964903848178,1,sl
long,73236.11,73225.15357142857,-0.01494322992924399,-0.014960418530463038,3,sl
long,72962.73,72898.57142857142,-0.08783100418225746,-0.08793334820198506,2,sl
long,73077.71,73095.97,0.024955822678339366,0.024987099349438324,2,forced
long,72853.59,72922.58928571429,0.09459333488143835,0.09470952044270398,1,sl
long,74472.9,74466.56,-0.008503525554604326,-0.008513163848855587,2,forced
long,74010.35,73899.17,-0.15005087886853657,-0.15022223243101873,2,forced
long,74283.8,74311.69,0.037496738016604816,0.037545198280097836,2,forced
long,74770.18,74607.67,-0.21707362348404172,-0.21734600612168808,2,sl
long,75223.47,75012.18999999999,-0.28045682563579055,-0.2808697870491872,2,sl
long,77319.12,77293.39,-0.03321940699568757,-0.03327766792999842,1,forced
long,75960.01,75927.45785714284,-0.04277786531917024,-0.042854316181828445,3,sl
long,75754.4,75580.57,-0.22904604382444926,-0.22946521918196794,1,forced
long,76179.82,76142.59,-0.048770741058298976,-0.048871210249656905,1,sl
long,79045.75,79068.15,0.028278380212248017,0.028338019438112205,2,forced
long,78607.95,78562.58,-0.057596971859552676,-0.05771680854161909,1,forced
long,78178.34,78306.0,0.16294486212126494,0.1632933111652246,1,forced
long,78257.98,78188.27071428573,-0.08890070115429684,-0.08907626508410926,2,sl
long,78413.92,78219.19785714286,-0.24781447778435928,-0.24832598964206198,1,sl
long,78048.58,78074.75285714286,0.033456674325753916,0.0335340593548894,1,sl
long,78065.97,78025.51571428572,-0.05170279016353457,-0.05182064056116209,1,sl
long,77106.01,76984.73999999999,-0.15691116426594018,-0.1572769749076719,1,sl
long,76638.04,76458.79071428571,-0.23331004217116863,-0.23389074892087303,1,sl
long,78737.25,78602.17857142858,-0.17108110594650366,-0.17154704866048087,1,sl
long,78358.75,78401.66,0.054602849221637224,0.05476095522198854,4,sl
long,78382.22,78397.05571428571,0.01887378366870202,0.018927397419599146,1,sl
long,78229.81,78257.14928571429,0.034849068970192555,0.03494740139888819,1,sl
long,78443.41,78468.58857142857,0.03200855656988666,0.03209775228865119,2,sl
long,78832.98,78690.16357142857,-0.1806656688253862,-0.18116330065339747,1,sl
long,78249.42,78181.29071428571,-0.0868119340416277,-0.08706682517810593,1,sl
long,78450.55,78392.83571428571,-0.07334596744274016,-0.07356772605709994,2,sl
long,78736.97,78686.98,-0.06329383294242373,-0.06348987013343743,1,forced
long,78801.22,78732.57,-0.08684343312635354,-0.08711794055979993,2,forced
long,78921.69,79150.34285714285,0.2887831192328231,0.28972118709424954,1,sl
long,79259.35,79233.71214285714,-0.032251399876699186,-0.032346792072945885,1,sl
long,80316.31,80221.25571428571,-0.11799708000177397,-0.11834991636727743,5,sl
long,78916.91,78940.26,0.029496379749987197,0.029588081945930433,1,forced
long,78957.72,79150.91142857143,0.24392595148485482,0.2446770608009352,1,sl
long,80384.58,80293.29071428573,-0.11324474645782294,-0.11356566858254924,3,sl
long,81562.07,81538.09,-0.029314508524827455,-0.029400921286093507,5,forced
long,82014.77,81816.05142857143,-0.24157683898548102,-0.242296078411941,1,sl
long,80572.94,80453.77214285714,-0.14742583213563748,-0.14790059434701686,1,sl
long,80391.18,80362.21642857142,-0.035907332284950584,-0.03602829493057902,1,sl
long,80805.51,80782.15,-0.0288108218503863,-0.028908919701142732,2,forced
long,81378.25,81282.79714285715,-0.11689389103419413,-0.1172952934510807,1,sl
long,81302.23,81209.73285714287,-0.11336686724311408,-0.11376950282560028,1,sl
long,81285.13,81158.19857142857,-0.15558543426181043,-0.15615577974893435,1,sl
long,80953.38,80832.33428571429,-0.14895582164412968,-0.14952521350648507,1,sl
long,77499.75,77542.98357142857,0.05556469296995608,0.055785433409227814,5,sl
long,77553.46,77375.27571428572,-0.22886034910923195,-0.22975671970572042,1,sl
